{"MElectron_charge": 1.9999998542394481, "MElectron_convVeto": 1.4999997103792042, "MElectron_deltaEtaSC": 1.5379665613453863, "MElectron_dr03EcalRecHitSumEt": 13.535623838622008, "MElectron_dr03HcalDepth1TowerSumEt": 13.929883957857871, "MElectron_dr03TkSumPt": 13.160099898312586, "MElectron_dr03TkSumPtHEEP": 13.733289304934573, "MElectron_dxy": 1.5670205335289027, "MElectron_dxyErr": 6.460140932531602, "MElectron_dz": 1.5703752741881998, "MElectron_dzErr": 6.298406425460137, "MElectron_eInvMinusPInv": 1.5566692313540418, "MElectron_energyErr": 6.0330862217988015, "MElectron_etaMinusGen": 1.2489725141140946, "MElectron_hoe": 7.3713035836759255, "MElectron_ip3d": 6.903128014879046, "MElectron_isPFcand": 1.4999994858445997, "MElectron_jetPtRelv2": 6.98933526597456, "MElectron_jetRelIso": 10.039533264127359, "MElectron_lostHits": 8.381617267295697, "MElectron_miniPFRelIso_all": 7.323043454005193, "MElectron_miniPFRelIso_chg": 7.340424823415932, "MElectron_mvaFall17V2Iso": 1.0, "MElectron_mvaFall17V2Iso_WP80": 1.4999947268853313, "MElectron_mvaFall17V2Iso_WP90": 1.4999700629243662, "MElectron_mvaFall17V2Iso_WPL": 1.4999945837315942, "MElectron_mvaFall17V2noIso": 1.0, "MElectron_mvaFall17V2noIso_WP80": 1.4999302392464093, "MElectron_mvaFall17V2noIso_WP90": 1.4999968440188405, "MElectron_mvaFall17V2noIso_WPL": 1.4999962032297982, "MElectron_mvaTTH": 0.999969482421875, "MElectron_pfRelIso03_all": 7.3423070638437125, "MElectron_pfRelIso03_chg": 7.37456859651373, "MElectron_phiMinusGen": 1.2489725141140946, "MElectron_ptRatio": 3.136694130244198, "MElectron_r9": 4.504078324426818, "MElectron_seedGain": 12.499999978790083, "MElectron_sieie": 2.3025850929940455, "MElectron_sip3d": 9.557116483735667, "MElectron_tightCharge": 2.4999997057480554}