{"MElectron_charge": 1.9999999496643222, "MElectron_convVeto": 1.4999998631738123, "MElectron_deltaEtaSC": 1.5102070709426805, "MElectron_dr03EcalRecHitSumEt": 14.079716769883873, "MElectron_dr03HcalDepth1TowerSumEt": 13.425607468073451, "MElectron_dr03TkSumPt": 13.43609236318392, "MElectron_dr03TkSumPtHEEP": 13.663265596206497, "MElectron_dxy": 1.5689106484170745, "MElectron_dxyErr": 6.907755278982137, "MElectron_dz": 1.5693741055315904, "MElectron_dzErr": 6.358234921712065, "MElectron_eInvMinusPInv": 1.5502534706506437, "MElectron_energyErr": 5.351858133476067, "MElectron_etaMinusGen": 1.4054097681139421, "MElectron_hoe": 7.447574711626339, "MElectron_ip3d": 6.9074780161264435, "MElectron_isPFcand": 1.499999751648245, "MElectron_jetPtRelv2": 6.7226297948554485, "MElectron_jetRelIso": 12.112006136491068, "MElectron_lostHits": 7.457374872743203, "MElectron_miniPFRelIso_all": 7.439192143387093, "MElectron_miniPFRelIso_chg": 7.443391488855017, "MElectron_mvaFall17V1Iso": 0.9999978542327881, "MElectron_mvaFall17V1Iso_WP80": 1.4999990242545613, "MElectron_mvaFall17V1Iso_WP90": 1.499998460645326, "MElectron_mvaFall17V1Iso_WPL": 1.4999998228687659, "MElectron_mvaFall17V1noIso": 0.9999977350234985, "MElectron_mvaFall17V1noIso_WP80": 1.499999958236179, "MElectron_mvaFall17V1noIso_WP90": 1.4999994238085312, "MElectron_mvaFall17V1noIso_WPL": 1.4999998289887966, "MElectron_mvaFall17V2Iso": 1.0, "MElectron_mvaFall17V2Iso_WP80": 1.4999999925787235, "MElectron_mvaFall17V2Iso_WP90": 1.4999995346620194, "MElectron_mvaFall17V2Iso_WPL": 1.4999997556799012, "MElectron_mvaFall17V2noIso": 1.0, "MElectron_mvaFall17V2noIso_WP80": 1.4999995493018448, "MElectron_mvaFall17V2noIso_WP90": 1.499999774189122, "MElectron_mvaFall17V2noIso_WPL": 1.499999991063452, "MElectron_mvaTTH": 0.99993896484375, "MElectron_pfRelIso03_all": 7.339519829872231, "MElectron_pfRelIso03_chg": 7.396393371918961, "MElectron_phiMinusGen": 1.4055420081383219, "MElectron_ptRatio": 1.499998688697815, "MElectron_r9": 4.317621437981545, "MElectron_seedGain": 12.49999984132712, "MElectron_sieie": 2.3025850929940455, "MElectron_sip3d": 9.365033761652663, "MElectron_tightCharge": 2.499999774567203}