{"MElectron_charge": 1.9999995864971263, "MElectron_convVeto": 1.4999998631738123, "MElectron_deltaEtaSC": 1.5102070709426805, "MElectron_dr03EcalRecHitSumEt": 14.079716769883873, "MElectron_dr03HcalDepth1TowerSumEt": 13.425607468073459, "MElectron_dr03TkSumPt": 13.43609236318392, "MElectron_dr03TkSumPtHEEP": 13.663265596206497, "MElectron_dxy": 1.5700420546928, "MElectron_dxyErr": 6.907755278982137, "MElectron_dz": 1.5702274379673784, "MElectron_dzErr": 6.358234921712065, "MElectron_eInvMinusPInv": 1.5502534706506437, "MElectron_energyErr": 5.351858133476067, "MElectron_etaMinusGen": 1.2486057391796992, "MElectron_hoe": 7.447574711626339, "MElectron_ip3d": 6.9074780161264435, "MElectron_isPFcand": 1.499999751648245, "MElectron_jetPtRelv2": 6.7226297948554485, "MElectron_jetRelIso": 12.112006136491068, "MElectron_lostHits": 7.009415861330322, "MElectron_miniPFRelIso_all": 7.439192143387086, "MElectron_miniPFRelIso_chg": 7.4433914888550206, "MElectron_mvaFall17V1Iso": 0.9999978542327881, "MElectron_mvaFall17V1Iso_WP80": 1.4999998673381043, "MElectron_mvaFall17V1Iso_WP90": 1.4999986453380778, "MElectron_mvaFall17V1Iso_WPL": 1.4999998228687659, "MElectron_mvaFall17V1noIso": 0.9999977350234985, "MElectron_mvaFall17V1noIso_WP80": 1.499999958236179, "MElectron_mvaFall17V1noIso_WP90": 1.4999994238085312, "MElectron_mvaFall17V1noIso_WPL": 1.4999998289887966, "MElectron_mvaFall17V2Iso": 1.0, "MElectron_mvaFall17V2Iso_WP80": 1.4999999925787235, "MElectron_mvaFall17V2Iso_WP90": 1.4999996446779242, "MElectron_mvaFall17V2Iso_WPL": 1.4999997556799012, "MElectron_mvaFall17V2noIso": 1.0, "MElectron_mvaFall17V2noIso_WP80": 1.4999986668608651, "MElectron_mvaFall17V2noIso_WP90": 1.499999207638771, "MElectron_mvaFall17V2noIso_WPL": 1.499999991063452, "MElectron_mvaTTH": 0.99993896484375, "MElectron_pfRelIso03_all": 7.33951982987223, "MElectron_pfRelIso03_chg": 7.3963933719189665, "MElectron_phiMinusGen": 1.2488503453927298, "MElectron_ptRatio": 1.4382419781843416, "MElectron_r9": 4.317621437981545, "MElectron_seedGain": 12.49999984132712, "MElectron_sieie": 2.3025850929940455, "MElectron_sip3d": 9.365033761652663, "MElectron_tightCharge": 2.499999774567203}