{"MElectron_charge": 1.9999999389247676, "MElectron_convVeto": 1.4999999484062592, "MElectron_deltaEtaSC": 1.5397383556322646, "MElectron_dr03EcalRecHitSumEt": 13.733259206413727, "MElectron_dr03HcalDepth1TowerSumEt": 14.617398122287781, "MElectron_dr03TkSumPt": 14.36966828558396, "MElectron_dr03TkSumPtHEEP": 13.585451921115855, "MElectron_dxy": 1.5677341354094008, "MElectron_dxyErr": 6.533471993602561, "MElectron_dz": 1.570266876149464, "MElectron_dzErr": 6.298406425460137, "MElectron_eInvMinusPInv": 1.562690107901447, "MElectron_energyErr": 5.4680601411351315, "MElectron_etaMinusGen": 1.2489572479184143, "MElectron_hoe": 7.375423197925518, "MElectron_ip3d": 6.907119387885279, "MElectron_isPFcand": 1.499999981061519, "MElectron_jetPtRelv2": 6.947937068614969, "MElectron_jetRelIso": 12.112006136491068, "MElectron_lostHits": 8.048851392349633, "MElectron_miniPFRelIso_all": 7.4304139918603225, "MElectron_miniPFRelIso_chg": 7.380213571970428, "MElectron_mvaFall17V1Iso": 0.9999993443489075, "MElectron_mvaFall17V1Iso_WP80": 1.4998659816259319, "MElectron_mvaFall17V1Iso_WP90": 1.4997945679802285, "MElectron_mvaFall17V1Iso_WPL": 1.4999983382913078, "MElectron_mvaFall17V1noIso": 0.9999988079071045, "MElectron_mvaFall17V1noIso_WP80": 1.4999792073954423, "MElectron_mvaFall17V1noIso_WP90": 1.4999885501028063, "MElectron_mvaFall17V1noIso_WPL": 1.4999934215328454, "MElectron_mvaFall17V2Iso": 1.0, "MElectron_mvaFall17V2Iso_WP80": 1.4999778241988673, "MElectron_mvaFall17V2Iso_WP90": 1.4999985347522382, "MElectron_mvaFall17V2Iso_WPL": 1.4999987751735175, "MElectron_mvaFall17V2noIso": 1.0, "MElectron_mvaFall17V2noIso_WP80": 1.4999590257389295, "MElectron_mvaFall17V2noIso_WP90": 1.499995105165399, "MElectron_mvaFall17V2noIso_WPL": 1.4999927238814323, "MElectron_mvaTTH": 0.999969482421875, "MElectron_pfRelIso03_all": 7.329672875033335, "MElectron_pfRelIso03_chg": 7.3654393459962755, "MElectron_phiMinusGen": 1.2489114409422988, "MElectron_ptRatio": 3.6391485628705063, "MElectron_r9": 4.195471127347865, "MElectron_seedGain": 12.499999876888158, "MElectron_sieie": 2.3025850929940455, "MElectron_sip3d": 9.877605482822025, "MElectron_tightCharge": 2.4999991780031943}