{
    "MElectron_convVeto": 1.4999996890236318,
    "MElectron_deltaEtaSC": 3.185546875,
    "MElectron_dr03EcalRecHitSumEt": 13.35772860202774,
    "MElectron_dr03HcalDepth1TowerSumEt": 13.208024072085138,
    "MElectron_dr03TkSumPt": 13.030864662203562,
    "MElectron_dr03TkSumPtHEEP": 13.535660561116682,
    "MElectron_dxy": 1.5705921800672702,
    "MElectron_dxyErr": 6.533471993602561,
    "MElectron_dz": 1.5706904366563117,
    "MElectron_dzErr": 6.298406425460137,
    "MElectron_eInvMinusPInv": 1.570255900417279,
    "MElectron_energyErr": 5.4680601411351315,
    "MElectron_etaMinusGen": 1.5374655054934145,
    "MElectron_hoe": 7.379434991404744,
    "MElectron_ip3d": 6.907119387885279,
    "MElectron_isPFcand": 1.4999997121341444,
    "MElectron_jetPtRelv2": 6.444131256700441,
    "MElectron_jetRelIso": 10.039533264127359,
    "MElectron_lostHits": 8.078006103967233,
    "MElectron_miniPFRelIso_all": 7.336712644239808,
    "MElectron_miniPFRelIso_chg": 7.377485720621019,
    "MElectron_mvaFall17V1Iso": 0.9999993443489075,
    "MElectron_mvaFall17V1Iso_WP80": 1.4999731362121667,
    "MElectron_mvaFall17V1Iso_WP90": 1.4999694489363185,
    "MElectron_mvaFall17V1Iso_WPL": 1.4999976140637163,
    "MElectron_mvaFall17V1noIso": 0.9999988079071045,
    "MElectron_mvaFall17V1noIso_WP80": 1.4999935731902525,
    "MElectron_mvaFall17V1noIso_WP90": 1.4998940076943126,
    "MElectron_mvaFall17V1noIso_WPL": 1.4999962944524394,
    "MElectron_mvaFall17V2Iso": 1.0,
    "MElectron_mvaFall17V2Iso_WP80": 1.499919867026418,
    "MElectron_mvaFall17V2Iso_WP90": 1.4999561248607576,
    "MElectron_mvaFall17V2Iso_WPL": 1.499999592190687,
    "MElectron_mvaFall17V2noIso": 1.0,
    "MElectron_mvaFall17V2noIso_WP80": 1.4999132580404204,
    "MElectron_mvaFall17V2noIso_WP90": 1.4999741380379361,
    "MElectron_mvaFall17V2noIso_WPL": 1.499991408300997,
    "MElectron_mvaTTH": 0.999969482421875,
    "MElectron_pfRelIso03_all": 7.317379168083024,
    "MElectron_pfRelIso03_chg": 7.339577015060445,
    "MElectron_phiMinusGen": 1.529135122064732,
    "MElectron_ptRatio": 1.5680231332727446,
    "MElectron_r9": 1.5468204566820616,
    "MElectron_seedGain": 12.499999847746027,
    "MElectron_sieie": 1.2964109626555236,
    "MElectron_sip3d": 9.877605482822025,
    "MElectron_tightCharge": 2.4999999919931426
}