{"MElectron_charge": 1.9999999348693656, "MElectron_convVeto": 1.4999999287528678, "MElectron_deltaEtaSC": 1.5362155230740302, "MElectron_dr03EcalRecHitSumEt": 13.176832210397773, "MElectron_dr03HcalDepth1TowerSumEt": 13.566693055992648, "MElectron_dr03TkSumPt": 13.175707961902992, "MElectron_dr03TkSumPtHEEP": 13.46198102749107, "MElectron_dxy": 1.5665154164911683, "MElectron_dxyErr": 6.494871468560578, "MElectron_dz": 1.5699595069065473, "MElectron_dzErr": 6.298406425460137, "MElectron_eInvMinusPInv": 1.5649463021228514, "MElectron_energyErr": 7.0909098220799835, "MElectron_etaMinusGen": 1.351989427687976, "MElectron_hoe": 7.339030079264813, "MElectron_ip3d": 6.902931505300811, "MElectron_isPFcand": 1.499999665737525, "MElectron_jetPtRelv2": 7.632885505395133, "MElectron_jetRelIso": 12.112006136491068, "MElectron_lostHits": 8.393396895755613, "MElectron_miniPFRelIso_all": 7.313427799518535, "MElectron_miniPFRelIso_chg": 7.387069305305356, "MElectron_mvaFall17V2Iso": 1.0, "MElectron_mvaFall17V2Iso_WP80": 1.499983628022453, "MElectron_mvaFall17V2Iso_WP90": 1.4999957470129708, "MElectron_mvaFall17V2Iso_WPL": 1.499986367732866, "MElectron_mvaFall17V2noIso": 1.0, "MElectron_mvaFall17V2noIso_WP80": 1.4999189343835182, "MElectron_mvaFall17V2noIso_WP90": 1.4999757218990806, "MElectron_mvaFall17V2noIso_WPL": 1.4999994580770026, "MElectron_mvaTTH": 0.999969482421875, "MElectron_pfRelIso03_all": 7.298777518091883, "MElectron_pfRelIso03_chg": 7.346189647957984, "MElectron_phiMinusGen": 1.351989427687976, "MElectron_ptRatio": 4.691481352728634, "MElectron_r9": 4.6238447262529, "MElectron_seedGain": 12.499999955857922, "MElectron_sieie": 2.3025850929940455, "MElectron_sip3d": 9.54287630006159, "MElectron_tightCharge": 2.499999960397453}