{"MElectron_charge": 1.9999999496643222, "MElectron_convVeto": 1.499999919162426, "MElectron_deltaEtaSC": 1.5101353736505636, "MElectron_dr03EcalRecHitSumEt": 13.431998775888513, "MElectron_dr03HcalDepth1TowerSumEt": 13.423110142109055, "MElectron_dr03TkSumPt": 13.984695975385812, "MElectron_dr03TkSumPtHEEP": 13.832671516280588, "MElectron_dxy": 1.5690850985187057, "MElectron_dxyErr": 6.520438893187825, "MElectron_dz": 1.5688462987974057, "MElectron_dzErr": 6.319365226276585, "MElectron_eInvMinusPInv": 1.5511065639840165, "MElectron_energyErr": 6.192362489474872, "MElectron_etaMinusGen": 1.4055420081383219, "MElectron_hoe": 7.416762845861977, "MElectron_ip3d": 6.906358339971438, "MElectron_isPFcand": 1.4999994843802682, "MElectron_jetPtRelv2": 7.029087564149662, "MElectron_jetRelIso": 12.112006136491068, "MElectron_lostHits": 7.9719160235694035, "MElectron_miniPFRelIso_all": 7.3647010939758815, "MElectron_miniPFRelIso_chg": 7.414339619048259, "MElectron_mvaFall17V2Iso": 1.0, "MElectron_mvaFall17V2Iso_WP80": 1.4999998268926125, "MElectron_mvaFall17V2Iso_WP90": 1.4999994238085312, "MElectron_mvaFall17V2Iso_WPL": 1.4999999925787235, "MElectron_mvaFall17V2noIso": 1.0, "MElectron_mvaFall17V2noIso_WP80": 1.4999996075012243, "MElectron_mvaFall17V2noIso_WP90": 1.4999997556799012, "MElectron_mvaFall17V2noIso_WPL": 1.499999774189122, "MElectron_mvaTTH": 0.999969482421875, "MElectron_pfRelIso03_all": 7.352889546082424, "MElectron_pfRelIso03_chg": 7.3665055688457475, "MElectron_phiMinusGen": 1.4053435694298335, "MElectron_ptRatio": 1.499998688697815, "MElectron_r9": 4.740662155425248, "MElectron_seedGain": 12.49999984132712, "MElectron_sieie": 2.3025850929940455, "MElectron_sip3d": 9.276221741089696, "MElectron_tightCharge": 2.499999583654395}