{"MElectron_charge": 1.999997099139559, "MElectron_convVeto": 1.4999958629831212, "MElectron_deltaEtaSC": 1.5397383556322646, "MElectron_dr03EcalRecHitSumEt": 13.17152841279945, "MElectron_dr03HcalDepth1TowerSumEt": 12.304265438006958, "MElectron_dr03TkSumPt": 12.868451018142611, "MElectron_dr03TkSumPtHEEP": 12.723366371872094, "MElectron_dxy": 1.5699123491245959, "MElectron_dxyErr": 6.159224669309276, "MElectron_dz": 1.57048136617539, "MElectron_dzErr": 6.234145868218091, "MElectron_eInvMinusPInv": 1.5454049595927053, "MElectron_energyErr": 5.056245805348308, "MElectron_etaMinusGen": 1.2488503453927298, "MElectron_hoe": 7.3304841838984345, "MElectron_ip3d": 6.883480300116732, "MElectron_isPFcand": 1.4999992741476191, "MElectron_jetPtRelv2": 5.310739886546594, "MElectron_jetRelIso": 7.723124517035304, "MElectron_lostHits": 7.431322247256123, "MElectron_miniPFRelIso_all": 7.302326864899296, "MElectron_miniPFRelIso_chg": 7.268237141558609, "MElectron_mvaFall17V1Iso": 0.9999959468841553, "MElectron_mvaFall17V1Iso_WP80": 1.493892396554747, "MElectron_mvaFall17V1Iso_WP90": 1.4994647894750743, "MElectron_mvaFall17V1Iso_WPL": 1.4996690078565966, "MElectron_mvaFall17V1noIso": 0.9999986290931702, "MElectron_mvaFall17V1noIso_WP80": 1.4993443386579228, "MElectron_mvaFall17V1noIso_WP90": 1.4997989530176854, "MElectron_mvaFall17V1noIso_WPL": 1.49999376828647, "MElectron_mvaFall17V2Iso": 1.0, "MElectron_mvaFall17V2Iso_WP80": 1.4989156781448325, "MElectron_mvaFall17V2Iso_WP90": 1.4999496698797385, "MElectron_mvaFall17V2Iso_WPL": 1.4995359252658038, "MElectron_mvaFall17V2noIso": 1.0, "MElectron_mvaFall17V2noIso_WP80": 1.4995944335720144, "MElectron_mvaFall17V2noIso_WP90": 1.499930744362584, "MElectron_mvaFall17V2noIso_WPL": 1.4999972488021203, "MElectron_mvaTTH": 0.999908447265625, "MElectron_pfRelIso03_all": 7.260712022783736, "MElectron_pfRelIso03_chg": 7.347585367721691, "MElectron_phiMinusGen": 1.2488503453927298, "MElectron_ptRatio": 1.5707963267948961, "MElectron_r9": 4.546056921495585, "MElectron_seedGain": 12.499992332729809, "MElectron_sieie": 2.3025850929940455, "MElectron_sip3d": 9.394743094973961, "MElectron_tightCharge": 2.4999997462981476}