{"MElectron_charge": 1.9999999348693656, "MElectron_convVeto": 1.4999999287528678, "MElectron_deltaEtaSC": 1.5375402361981174, "MElectron_dr03EcalRecHitSumEt": 13.176820129407627, "MElectron_dr03HcalDepth1TowerSumEt": 13.567040167940053, "MElectron_dr03TkSumPt": 13.175707961902994, "MElectron_dr03TkSumPtHEEP": 13.46198102749107, "MElectron_dxy": 1.5666539556663643, "MElectron_dxyErr": 6.332154650812479, "MElectron_dz": 1.569907931692693, "MElectron_dzErr": 6.340772719250299, "MElectron_eInvMinusPInv": 1.5542603664460626, "MElectron_energyErr": 6.329720905522696, "MElectron_etaMinusGen": 1.3520756685223787, "MElectron_hoe": 7.33793502612821, "MElectron_ip3d": 6.905615527961431, "MElectron_isPFcand": 1.4999981582487714, "MElectron_jetPtRelv2": 7.522400231387125, "MElectron_jetRelIso": 10.039533264127359, "MElectron_lostHits": 8.499626151338614, "MElectron_miniPFRelIso_all": 7.30907634740123, "MElectron_miniPFRelIso_chg": 7.381639164728242, "MElectron_mvaFall17V1Iso": 0.9999978542327881, "MElectron_mvaFall17V1Iso_WP80": 1.499999071685365, "MElectron_mvaFall17V1Iso_WP90": 1.4999065300667365, "MElectron_mvaFall17V1Iso_WPL": 1.499997439441148, "MElectron_mvaFall17V1noIso": 0.9999986886978149, "MElectron_mvaFall17V1noIso_WP80": 1.4999070038234739, "MElectron_mvaFall17V1noIso_WP90": 1.4999475212895934, "MElectron_mvaFall17V1noIso_WPL": 1.4999994580770026, "MElectron_mvaFall17V2Iso": 1.0, "MElectron_mvaFall17V2Iso_WP80": 1.4999841458345693, "MElectron_mvaFall17V2Iso_WP90": 1.4998882983039334, "MElectron_mvaFall17V2Iso_WPL": 1.4999786588739377, "MElectron_mvaFall17V2noIso": 1.0, "MElectron_mvaFall17V2noIso_WP80": 1.4998890564475769, "MElectron_mvaFall17V2noIso_WP90": 1.4999848327988097, "MElectron_mvaFall17V2noIso_WPL": 1.4999974557005487, "MElectron_mvaTTH": 0.999969482421875, "MElectron_pfRelIso03_all": 7.314598830062157, "MElectron_pfRelIso03_chg": 7.354513919966202, "MElectron_phiMinusGen": 1.3520756685223787, "MElectron_ptRatio": 4.36899607095795, "MElectron_r9": 4.801538457465312, "MElectron_seedGain": 12.499999719907752, "MElectron_sieie": 2.3025850929940455, "MElectron_sip3d": 9.545168400484906, "MElectron_tightCharge": 2.4999998293694707}