{"MElectron_convVeto": [0.0, 1.0], "MElectron_deltaEtaSC": [-1.0068349229694904, 1.5263644758139978], "MElectron_dr03EcalRecHitSumEt": [3.809109204271077e-10, 361.00000045599705], "MElectron_dr03HcalDepth1TowerSumEt": [3.809109204271077e-10, 471.9999467281513], "MElectron_dr03TkSumPt": [3.809109204271077e-10, 4623.998898903436], "MElectron_dr03TkSumPtHEEP": [3.809109204271077e-10, 395.99998644357544], "MElectron_dxy": [-23.031160902160945, 12.578125064970331], "MElectron_dxyErr": [0.0009918216556095748, 3.000000153703875], "MElectron_dz": [-62.06131763852734, 54.7500288991591], "MElectron_dzErr": [0.0008468630999304717, 14.499997824471901], "MElectron_eInvMinusPInv": [-4.500004867220213, 1.3212888928044575], "MElectron_energyErr": [0.003173828203909701, 440.0000759901118], "MElectron_etaMinusGen": [-0.29815679614952334, 0.2994385379338637], "MElectron_hoe": [3.809109204271077e-10, 135.99997152359157], "MElectron_ip3d": [1.2003268176427476e-05, 39.218747912330294], "MElectron_isPFcand": [0.0, 1.0], "MElectron_jetPtRelv2": [0.0, 1307.999838358979], "MElectron_jetRelIso": [-0.000923156750355714, 170.50006195862937], "MElectron_lostHits": [0.0, 7.0], "MElectron_miniPFRelIso_all": [3.809109204271077e-10, 119.93487967674274], "MElectron_miniPFRelIso_chg": [3.809109204271077e-10, 66.73351047612536], "MElectron_mvaFall17V1Iso": [-0.9999977946281433, 0.9995577931404114], "MElectron_mvaFall17V1Iso_WP80": [0.0, 1.0], "MElectron_mvaFall17V1Iso_WP90": [0.0, 1.0], "MElectron_mvaFall17V1Iso_WPL": [0.0, 1.0], "MElectron_mvaFall17V1noIso": [-0.9999979138374329, 0.9985960125923157], "MElectron_mvaFall17V1noIso_WP80": [0.0, 1.0], "MElectron_mvaFall17V1noIso_WP90": [0.0, 1.0], "MElectron_mvaFall17V1noIso_WPL": [0.0, 1.0], "MElectron_mvaFall17V2Iso": [-1.0, 1.0], "MElectron_mvaFall17V2Iso_WP80": [0.0, 1.0], "MElectron_mvaFall17V2Iso_WP90": [0.0, 1.0], "MElectron_mvaFall17V2Iso_WPL": [0.0, 1.0], "MElectron_mvaFall17V2noIso": [-1.0, 1.0], "MElectron_mvaFall17V2noIso_WP80": [0.0, 1.0], "MElectron_mvaFall17V2noIso_WP90": [0.0, 1.0], "MElectron_mvaFall17V2noIso_WPL": [0.0, 1.0], "MElectron_mvaTTH": [-0.99993896484375, 0.977813720703125], "MElectron_pfRelIso03_all": [3.809109204271077e-10, 130.4520825405273], "MElectron_pfRelIso03_chg": [3.809109204271077e-10, 90.24804480741865], "MElectron_phiMinusGen": [-0.2988282031956301, 0.29956058686779413], "MElectron_ptRatio": [0.037024001899615154, 73.79404530731874], "MElectron_r9": [0.12829591471588042, 105.18749026335192], "MElectron_seedGain": [1.0, 12.0], "MElectron_sieie": [-3.197543632649236e-10, 0.09594726537385564], "MElectron_sip3d": [0.004951477277888358, 13024.008785575526], "MElectron_tightCharge": [0.0, 2.0], "MElectron_charge": [-1.0, 1.0]}