{"MElectron_convVeto": [0.0, 1.0], "MElectron_deltaEtaSC": [-0.3117676007438842, 0.23864747514973472], "MElectron_dr03EcalRecHitSumEt": [3.809109204271077e-10, 509.0000138484917], "MElectron_dr03HcalDepth1TowerSumEt": [3.809109204271077e-10, 273.999936189525], "MElectron_dr03TkSumPt": [3.809109204271077e-10, 774.000012054127], "MElectron_dr03TkSumPtHEEP": [3.809109204271077e-10, 423.9998865340904], "MElectron_dxy": [-4.554653011274738, 4.085914618769389], "MElectron_dxyErr": [0.0008773796370922834, 1.9374999799999872], "MElectron_dz": [-37.093626760925744, 25.06245819468625], "MElectron_dzErr": [0.0007858277781576937, 7.937500589751268], "MElectron_eInvMinusPInv": [-2.7968800694506224, 0.9687500924311724], "MElectron_energyErr": [0.03857421610885842, 141.9999630396166], "MElectron_etaMinusGen": [-0.2943115962869513, 0.28997793562147295], "MElectron_hoe": [3.809109204271077e-10, 38.74999633879624], "MElectron_ip3d": [2.0474168796375024e-05, 15.437499054642451], "MElectron_isPFcand": [0.0, 1.0], "MElectron_jetPtRelv2": [0.0, 291.00005709606575], "MElectron_jetRelIso": [-0.0009918212840791202, 101.99997672774026], "MElectron_lostHits": [0.0, 5.0], "MElectron_miniPFRelIso_all": [3.809109204271077e-10, 47.36492099130836], "MElectron_miniPFRelIso_chg": [3.809109204271077e-10, 41.42540328094249], "MElectron_mvaFall17V1Iso": [-0.9999851584434509, 0.9997118711471558], "MElectron_mvaFall17V1Iso_WP80": [0.0, 1.0], "MElectron_mvaFall17V1Iso_WP90": [0.0, 1.0], "MElectron_mvaFall17V1Iso_WPL": [0.0, 1.0], "MElectron_mvaFall17V1noIso": [-0.9999855756759644, 0.9992895722389221], "MElectron_mvaFall17V1noIso_WP80": [0.0, 1.0], "MElectron_mvaFall17V1noIso_WP90": [0.0, 1.0], "MElectron_mvaFall17V1noIso_WPL": [0.0, 1.0], "MElectron_mvaFall17V2Iso": [-1.0, 1.0], "MElectron_mvaFall17V2Iso_WP80": [0.0, 1.0], "MElectron_mvaFall17V2Iso_WP90": [0.0, 1.0], "MElectron_mvaFall17V2Iso_WPL": [0.0, 1.0], "MElectron_mvaFall17V2noIso": [-1.0, 1.0], "MElectron_mvaFall17V2noIso_WP80": [0.0, 1.0], "MElectron_mvaFall17V2noIso_WP90": [0.0, 1.0], "MElectron_mvaFall17V2noIso_WPL": [0.0, 1.0], "MElectron_mvaTTH": [-0.99993896484375, 0.99078369140625], "MElectron_pfRelIso03_all": [3.809109204271077e-10, 75.61351845478504], "MElectron_pfRelIso03_chg": [3.809109204271077e-10, 63.923910538741566], "MElectron_phiMinusGen": [-0.29785157839723764, 0.29028315915037944], "MElectron_ptRatio": [0.5002216100692749, 1.4997695684432983], "MElectron_r9": [0.16833499021963233, 23.437495760151315], "MElectron_seedGain": [1.0, 12.0], "MElectron_sieie": [-3.197543632649236e-10, 0.07843017603871136], "MElectron_sip3d": [0.007457733566458269, 5011.999390801441], "MElectron_tightCharge": [0.0, 2.0], "MElectron_charge": [-1.0, 1.0]}